<document xmlns="http://maven.apache.org/changes/1.0.0"
          xmlns:xsi="http://www.w3.org/2001/XMLSchema-instance"
          xsi:schemaLocation="http://maven.apache.org/changes/1.0.0 http://maven.apache.org/xsd/changes-1.0.0.xsd">
    <properties>
        <title>Changes</title>
        <author email="roland.gisler@hslu.ch">Roland Gisler</author>
    </properties>
    <body>
        <release version="0.0.0" date="2016-10-06" description="Initialer Release.">
            <action dev="zbgisler" type="add">
                Erster Release.
            </action>
        </release>
    </body>
</document>
