<?xml version="1.0" encoding="UTF-8"?>
<document xmlns="http://maven.apache.org/XDOC/2.0" xmlns:xsi="http://www.w3.org/2001/XMLSchema-instance"
          xsi:schemaLocation="http://maven.apache.org/XDOC/2.0 http://maven.apache.org/xsd/xdoc-2.0.xsd">

    <properties>
        <title>VSK GameOfLife</title>
        <author email="roland.gisler@hslu.ch">Roland Gisler</author>
    </properties>

    <body>
        <section name="VSK GameOfLife">
            <subsection name="Client-Anwendung für Logger-Projekt">
                <p>
                    Einfaches GameOfLife-Spiel, ursprünglich von Edwin Martin 
                    (Bitstorm) geschrieben, welches als Client für den Einbau des Loggers
                    verwendet wird.
                </p>
            </subsection>
        </section>
    </body>
</document>