<?xml version="1.0"?>
<!--
   * Copyright 2013 Roland Gisler
   * Hochschule Luzern Technik & Architektur, Switzerland
   *
   * Licensed under the Apache License, Version 2.0 (the "License");
   * you may not use this file except in compliance with the License.
   * You may obtain a copy of the License at
   *
   * http://www.apache.org/licenses/LICENSE-2.0
   *
   * Unless required by applicable law or agreed to in writing, software
   * distributed under the License is distributed on an "AS IS" BASIS,
   * WITHOUT WARRANTIES OR CONDITIONS OF ANY KIND, either express or implied.
   * See the License for the specific language governing permissions and
   * limitations under the License.
   */
-->
<ruleset name="Clone Implementation" xmlns="http://pmd.sourceforge.net/ruleset/2.0.0" xmlns:xsi="http://www.w3.org/2001/XMLSchema-instance"
   xsi:schemaLocation="http://pmd.sourceforge.net/ruleset/2.0.0 http://pmd.sourceforge.net/ruleset_2_0_0.xsd"
   xsi:noNamespaceSchemaLocation="http://pmd.sourceforge.net/ruleset_2_0_0.xsd">
   <description>PMD Ruleset fuer HSLU</description>
   <rule ref="rulesets/java/basic.xml" />
   <rule ref="rulesets/java/braces.xml" />
   <rule ref="rulesets/java/clone.xml" />
   <rule ref="rulesets/java/codesize.xml" />
   <rule ref="rulesets/java/coupling.xml">
      <exclude name="LawOfDemeter" />
      <exclude name="LoosePackageCoupling" />
   </rule>
   <rule ref="rulesets/java/design.xml">
      <exclude name="UseVarargs" />
   </rule>
   <rule ref="rulesets/java/finalizers.xml" />
   <rule ref="rulesets/java/imports.xml" />
   <rule ref="rulesets/java/naming.xml" />
   <rule ref="rulesets/java/optimizations.xml" />
   <rule ref="rulesets/java/strings.xml" />
   <rule ref="rulesets/java/typeresolution.xml" />
   <rule ref="rulesets/java/unusedcode.xml" />

   <rule ref="rulesets/java/naming.xml/LongVariable">
      <properties>
         <property name="minimum" value="30" />
      </properties>
   </rule>

</ruleset>
